Model,K,Accuracy,Top-5 Accuracy
Test Set (only on small),200,0.22252793063198265,0.45305986326496583
Test Set Degraded (only on small),200,0.1636651659162915,0.3458395864598966
