Model,K,Accuracy,Var Accuracy,Top-5 Accuracy,Var Top-5 Accuracy,Top-10 Accuracy,Var Top-10 Accuracy
KNN,5,0.14003984063745017,0.0002200758718115585,0.3260956175298805,0.0001172997254011839,0.3376494023904383,0.0001321407596704817
KNN,10,0.15976095617529879,3.396771479817774e-05,0.31553784860557765,1.8015587054173712e-05,0.4364541832669323,2.9523340899350752e-05
KNN,25,0.17709163346613543,0.00010095077855907047,0.36254980079681276,0.000156743543753274,0.43784860557768923,4.9443659624450324e-05
KNN,50,0.18266932270916336,9.745877049570638e-05,0.38247011952191234,5.75387692258852e-05,0.49123505976095616,2.2380597133378798e-05
KNN,100,0.18027888446215137,7.301471405215787e-05,0.3912350597609562,8.626847192901684e-05,0.504183266932271,0.00022158378438437445
KNN,150,0.16733067729083664,3.7697814320407656e-05,0.3820717131474103,0.0001546007206234819,0.49541832669322705,0.00012960111744258004
KNN,200,0.16812749003984062,6.484024063110118e-05,0.3760956175298805,8.991920763162475e-05,0.4966135458167331,0.00010539515245789732
