Model,K,Accuracy,Var Accuracy,Top-5 Accuracy,Var Top-5 Accuracy,Top-10 Accuracy,Var Top-10 Accuracy
KNN,5,0.014143426294820715,2.539642227901144e-06,0.05099601593625498,4.5237377184489175e-06,0.07031872509960159,1.6904493579467014e-05
KNN,10,0.010956175298804782,3.17455278487643e-06,0.04342629482071713,8.17447342105681e-06,0.08685258964143425,5.293566768781448e-05
KNN,25,0.014143426294820715,8.49192869954445e-06,0.049800796812749,2.2618688592244557e-05,0.08625498007968127,2.2459960953000756e-05
KNN,50,0.014342629482071712,8.174473421056809e-06,0.05597609561752988,3.230107458611769e-05,0.09262948207171315,2.817415596577833e-05
KNN,100,0.01195219123505976,1.9840954905477696e-06,0.053984063745019926,5.214202949159536e-05,0.09880478087649402,0.00011563308518912388
KNN,150,0.011155378486055778,2.539642227901145e-06,0.05478087649402391,2.261868859224457e-05,0.09840637450199204,7.952254726115453e-05
KNN,200,0.011752988047808763,7.698290503325342e-06,0.05537848605577689,3.015825145632604e-06,0.09601593625498009,6.214187076395608e-05
