Model,K,Accuracy,Var Accuracy,Top-5 Accuracy,Var Top-5 Accuracy,Top-10 Accuracy,Var Top-10 Accuracy,Loss,Var Loss
KNN,5,0.007569721115537849,3.8094633418517166e-06,0.03764940239043824,2.8729702703131695e-05,0.05677290836653387,4.682465357692734e-05,0,0
KNN,10,0.006772908366533865,1.7460040316820373e-06,0.03346613545816733,1.7698131775686113e-05,0.06593625498007968,8.269710004603099e-05,0,0
KNN,25,0.010159362549800797,7.301471405215792e-06,0.03605577689243028,3.626926556721323e-05,0.06693227091633466,2.936461326010693e-06,0,0
KNN,50,0.0099601593625498,2.777733686766877e-06,0.03864541832669323,4.817383851049986e-05,0.06792828685258964,5.491976317836227e-05,0,0
KNN,100,0.009561752988047807,1.0317296550848402e-06,0.04223107569721115,4.785638323201218e-05,0.07549800796812747,6.44434215329915e-05,0,0
KNN,150,0.007569721115537849,4.603101538070825e-06,0.040438247011952186,3.809463341851719e-06,0.07270916334661355,9.523658354629309e-06,0,0
KNN,200,0.008964143426294821,1.190457294328662e-06,0.04083665338645418,9.920477452738839e-06,0.07171314741035856,2.3412326788463686e-05,0,0
