Model,K,Accuracy,Var Accuracy,Top-5 Accuracy,Var Top-5 Accuracy,Top-10 Accuracy,Var Top-10 Accuracy
KNN,5,0.007569721115537849,6.190377930509041e-06,0.04063745019920319,2.992015999746036e-05,0.06195219123505976,1.9999682544721496e-05
KNN,10,0.009561752988047808,4.9999206361803774e-06,0.04501992031872511,1.6825129759845093e-05,0.07888446215139441,4.1031094744527904e-05
KNN,25,0.01294820717131474,7.142743765971968e-06,0.045816733067729085,3.968190981095539e-06,0.08047808764940238,6.960206980841578e-05
KNN,50,0.01314741035856574,8.491928699544452e-06,0.04721115537848606,1.9285408168124305e-05,0.08625498007968127,4.666592593768353e-05
KNN,100,0.011752988047808765,3.333280424120253e-06,0.045219123505976094,5.182457421310772e-05,0.08266932270916334,4.4046919890160455e-05
KNN,150,0.012350597609561753,6.34910556975286e-07,0.04980079681274901,6.706242758051459e-05,0.0902390438247012,3.595181028872557e-05
KNN,200,0.011752988047808765,9.523658354629297e-07,0.051593625498007965,4.341200933318518e-05,0.09402390438247013,4.7062745035793114e-05
